SVK,L. Mikulas vs  Trnava,2X,N/A,15:00,,2023-02-11,,N/A,owotskxp289772491,oddslot
NIR, Knockbreda vs  Warrenpoint,2X,N/A,15:00,,2023-02-11,,N/A,qsjhfhgk216680785,oddslot
ENG NAT,AFC Telford vs  AFC Fylde,2X,N/A,16:00,,2023-02-11,,N/A,ijwbnefn20367661,oddslot
ENG NPL,Warrington Rylands vs  South Shields,2X,N/A,16:00,,2023-02-11,,N/A,wieuroye306064760,oddslot
ITA, Lecce vs  AS Roma,2X,N/A,18:00,,2023-02-11,,N/A,syofkqay236556619,oddslot
EPL,Fulham vs  Nottingham,1X,N/A,16:00,,2023-02-11,,N/A,gwnbgnyj283298629,oddslot
CWC, Al Ahly vs  Flamengo RJ,2X,N/A,16:30,,2023-02-11,,N/A,hsykmqzq95543476,oddslot
GER,RB Leipzig vs  Union Berlin,1X,N/A,18:30,,2023-02-11,,N/A,mroeavtg2092920,oddslot
EPL,Leicester vs  Tottenham,2X,N/A,16:00,,2023-02-11,,N/A,ryznovhb75955971,oddslot
EPL, Bournemouth vs  Newcastle,2X,N/A,18:30,,2023-02-11,,N/A,owbxnjhr197926172,oddslot
FRA NAT,Villefranche vs  Avranches,1X,N/A,N/A,1:1,2023-02-10,,Won,rukwteuy20030261,oddslot
ISR,Maccabi Petah Tikva vs  MS Kafr Qasim,1X,N/A,N/A,0:0,2023-02-10,,Won,ixhhtmuh275121998,oddslot
UAE,Al Nasr vs  Khorfakkan,1X,N/A,N/A,0:1,2023-02-10,,Lost,grlaepfz84044835,oddslot
ROM,U. Cluj vs  Mioveni,1X,N/A,N/A,2:2,2023-02-10,,Won,lybkpndr304395872,oddslot
POR,Torreense vs  Moreirense,2X,N/A,N/A,1:0,2023-02-10,,Lost,mvaraizb300484109,oddslot
FRA,Bastia-Borgo vs  Dunkerque,2X,N/A,N/A,2:1,2023-02-10,,Lost,hpbncdbm329191077,oddslot
ITA,AC Milan vs  Torino,1X,N/A,N/A,1:0,2023-02-10,,Won,tapalxik70364413,oddslot
FRA,Nice vs  AC Ajaccio,1X,N/A,N/A,3:0,2023-02-10,,Won,inbqzitm138134802,oddslot
