Premier League,Arsenal VS Brentford,1,1.44,15:00,N/A,2023-02-11,Final odd: 190.63,N/A,lnlminld235114219,tipsbet_combo_tips
FIFA Club W. Cup,Real M. VS Al Hilal,1,1.29,19:00,N/A,2023-02-11,Final odd: 190.63,N/A,uadwdxcv265241843,tipsbet_combo_tips
CAF C. League,E. Tunis VS Al Merreikh,1,1.36,16:00,N/A,2023-02-11,Final odd: 190.63,N/A,rhpyuojr267092882,tipsbet_combo_tips
Bundesliga,Salzburg VS A. Lustenau,1,1.20,16:00,N/A,2023-02-11,Final odd: 190.63,N/A,ntmohbrt21347266,tipsbet_combo_tips
Jupiler Pro League,Charleroi VS Seraing,1,1.45,17:15,N/A,2023-02-11,Final odd: 190.63,N/A,dkfjfzvf31682389,tipsbet_combo_tips
Parva Liga,S. Varna VS Ludogorets,2,1.22,13:00,N/A,2023-02-11,Final odd: 190.63,N/A,fcsnfixq321845269,tipsbet_combo_tips
First Division,Paralimni VS APOEL,2,1.36,13:00,N/A,2023-02-11,Final odd: 190.63,N/A,rkjckaia331653740,tipsbet_combo_tips
1st Division,Hillerod VS Hobro,under 3.5,1.22,12:00,N/A,2023-02-11,Final odd: 190.63,N/A,almypyrj300654799,tipsbet_combo_tips
Liiga Cup,Honka VS Inter T.,1x,1.23,13:00,N/A,2023-02-11,Final odd: 190.63,N/A,jrfjloet152655922,tipsbet_combo_tips
Super League,Giannina VS Ionikos,1x,1.22,18:00,N/A,2023-02-11,Final odd: 190.63,N/A,xjxordck161454839,tipsbet_combo_tips
OTP Bank Liga,Kisvarda VS Ferencvaros,x2,1.22,16:00,N/A,2023-02-11,Final odd: 190.63,N/A,xqpknarn42834634,tipsbet_combo_tips
Ekstraklasa,Slask VS Korona,1x,1.24,14:00,N/A,2023-02-11,Final odd: 190.63,N/A,pnmynoqu28185983,tipsbet_combo_tips
Liga Portugal,Arouca VS Santa C.,under 3.5,1.20,18:00,N/A,2023-02-11,Final odd: 190.63,N/A,pihchtfr106702851,tipsbet_combo_tips
Liga 1,UTA Arad VS Botosani,under 3.5,1.20,12:30,N/A,2023-02-11,Final odd: 190.63,N/A,myilyngj129818064,tipsbet_combo_tips
Scottish Cup,Livingston VS Inverness,1,1.45,15:00,N/A,2023-02-11,Final odd: 190.63,N/A,szhbxcxb102409290,tipsbet_combo_tips
Fortuna Liga,Ruzomberok VS Michalovce,1x,1.24,14:00,N/A,2023-02-11,Final odd: 190.63,N/A,zefoarde57168148,tipsbet_combo_tips
Super League,Basel VS Sion,1x,1.20,19:30,N/A,2023-02-11,Final odd: 190.63,N/A,htiyhlqx202622810,tipsbet_combo_tips
Ligue 1,Nice VS AC Ajaccio,1,1.57,19:00,3-0,2023-02-10,Final odd: 190.04,Won,qyilziff115994965,tipsbet_combo_tips
Bundesliga,Schalke VS Wolfsburg,x2,1.25,19:00,0-0,2023-02-10,Final odd: 190.04,Won,hbivolme236881091,tipsbet_combo_tips
Serie A,AC Milan VS Torino,1x,1.20,19:00,1-0,2023-02-10,Final odd: 190.04,Won,hrwhajsr25770750,tipsbet_combo_tips
LaLiga,Cadiz VS Girona,under 3.5,1.22,19:00,2-0,2023-02-10,Final odd: 190.04,Won,gysivdep203585558,tipsbet_combo_tips
HNL,Din. Zagreb VS Istra 1961,1,1.29,19:00,1-0,2023-02-10,Final odd: 190.04,Won,klumiumj140943647,tipsbet_combo_tips
First Division,AEK Larnaca VS Chloraka,1,1.20,19:00,1-1,2023-02-10,Final odd: 190.04,Lost,tfzrsvjj182550693,tipsbet_combo_tips
Atlantic Cup,Brondby VS Viking,1,1.64,19:00,3-2,2023-02-10,Final odd: 190.04,Won,edjueghl178557472,tipsbet_combo_tips
OTP Bank Liga,Mezokovesd VS MOL Fehervar,over 1.5,1.25,19:00,2-1,2023-02-10,Final odd: 190.04,Won,bcykshfr103394470,tipsbet_combo_tips
Super Cup,Derry City VS S. Rovers,under 3.5,1.24,19:00,2-0,2023-02-10,Final odd: 190.04,Won,phwqzjkh172372035,tipsbet_combo_tips
Leumit League,M. Nazareth VS H.P.Tikva,under 3.5,1.21,19:00,0-3,2023-02-10,Final odd: 190.04,Won,zcpzkkla119895446,tipsbet_combo_tips
Eredivisie,Alkmaar VS Excelsior,1,1.22,19:00,5-0,2023-02-10,Final odd: 190.04,Won,xqklhxcw317516554,tipsbet_combo_tips
Ekstraklasa,Stal M. VS Rakow,2,1.50,19:00,0-0,2023-02-10,Final odd: 190.04,Lost,potryifp332901736,tipsbet_combo_tips
Liga Portugal,Vizela VS Chaves,1x,1.20,19:00,0-0,2023-02-10,Final odd: 190.04,Won,rcjfbwht282985394,tipsbet_combo_tips
Liga 1,U. Cluj VS Mioveni,1x,1.21,19:00,2-2,2023-02-10,Final odd: 190.04,Won,canzhfdf291981117,tipsbet_combo_tips
Super Liga,Cukaricki VS Radnicki 1923,1,1.53,19:00,3-2,2023-02-10,Final odd: 190.04,Won,afbjvnsq80936106,tipsbet_combo_tips
C. League,Xamax VS Lausanne,over 1.5,1.20,19:00,2-3,2023-02-10,Final odd: 190.04,Won,rrswvfqi258266237,tipsbet_combo_tips
