SPA 2,Zaragoza vs  Alaves,Under 3.5,N/A,16:15,,2023-02-11,,N/A,bazmshhq225637335,venasbet_u_3_5
TAN,Mtibwa Sugar vs  Dodoma Jiji,Under 3.5,N/A,14:00,,2023-02-11,,N/A,jdpzjxcr90805952,venasbet_u_3_5
POR 2,Leixoes vs  Feirense,Under 3.5,N/A,12:00,,2023-02-11,,N/A,nvszwbim33020161,venasbet_u_3_5
EGY,El Gaish vs  El Daklyeh,Under 3.5,N/A,18:00,,2023-02-11,,N/A,cxgqvikl234044277,venasbet_u_3_5
EGY,Pharco vs  National Bank Egypt,Under 3.5,N/A,16:00,,2023-02-11,,N/A,rehtlcjn95137680,venasbet_u_3_5
SPA 2,Granada CF vs  Tenerife,Under 3.5,N/A,N/A,2:0,2023-02-10,,Won,cvorhrwk161065361,venasbet_u_3_5
ISR,Ironi Tiberias vs  Hapoel Umm al-Fahm,Under 3.5,N/A,N/A,0:1,2023-02-10,,Won,fsvrdhpp211072328,venasbet_u_3_5
ISR,H. Akko vs  H. Ironi Rishon,Under 3.5,N/A,N/A,2:1,2023-02-10,,Won,pvdqixyw258926484,venasbet_u_3_5
SPA,Cadiz CF vs  Girona,Under 3.5,N/A,N/A,2:0,2023-02-10,,Won,ktnrezqi306768091,venasbet_u_3_5
EGY,Ghazl El Mahallah vs  Arab Contractors,Under 3.5,N/A,N/A,0:3,2023-02-10,,Won,vpnavblj280150549,venasbet_u_3_5
