GER,OSC Bremerhaven vs  Surheide,Over 1.5,N/A,15:00,,2023-02-11,,N/A,asdjwetd9256497,venasbet_o_1_5
WAL,Cambrian & Clydach vs  Abergavenny Town,Over 1.5,N/A,15:30,,2023-02-11,,N/A,ilaslalm48357408,venasbet_o_1_5
ENG SL,Plymouth Parkway vs  Hartley Wintney,Over 1.5,N/A,16:00,,2023-02-11,,N/A,ueblfggx300586276,venasbet_o_1_5
ENG SL,Weston-super-Mare vs  Hayes & Yeading,Over 1.5,N/A,16:00,,2023-02-11,,N/A,jzllkxyo64347631,venasbet_o_1_5
AUS,Wolfsberger AC vs  Tirol,Over 1.5,N/A,17:00,,2023-02-11,,N/A,znejfdny43711796,venasbet_o_1_5
FRA,Monaco vs  Paris SG,Over 1.5,N/A,17:00,,2023-02-11,,N/A,yohwvwxx215983019,venasbet_o_1_5
AUS,Salzburg vs  A. Lustenau,Over 1.5,N/A,17:00,,2023-02-11,,N/A,bsiloixy66709861,venasbet_o_1_5
GER,Bayern Munich vs  Bochum,Over 1.5,N/A,15:30,,2023-02-11,,N/A,jhlvpzdl235000419,venasbet_o_1_5
WAL,Trefelin vs  Barry,Over 1.5,N/A,N/A,1:2,2023-02-10,,Won,opiplpyl61025354,venasbet_o_1_5
WAL,Ammanford vs  Briton Ferry,Over 1.5,N/A,N/A,1:2,2023-02-10,,Won,bromfnrf160407434,venasbet_o_1_5
GER, Oberneuland vs  Union 60 Bremeng,Over 1.5,N/A,N/A,5:2,2023-02-10,,Won,yiooaxwk258709814,venasbet_o_1_5
CYP, AEK Larnaca vs  Chloraka,Over 1.5,N/A,N/A,1:1,2023-02-10,,Won,pfpkvzsq65776614,venasbet_o_1_5
NED,Zwolle vs  Jong AZ,Over 1.5,N/A,N/A,4:1,2023-02-10,,Won,egipgxhd43227076,venasbet_o_1_5
NED,Venlo vs  Heracles,Over 1.5,N/A,N/A,3:1,2023-02-10,,Won,thywjrqq160404611,venasbet_o_1_5
EPL 2,West Ham U21 vs  Fulham U21,Over 1.5,N/A,N/A,1:0,2023-02-10,,Lost,lgmbromv15536213,venasbet_o_1_5
ICE,Stjarnan vs  Afturelding,Over 1.5,N/A,N/A,4:1,2023-02-10,,Won,hnqbpazj203915315,venasbet_o_1_5
GER,BFC Dynamo vs  Chemnitzer,Over 1.5,N/A,N/A,0:0,2023-02-10,,Lost,stjaybwh309432777,venasbet_o_1_5
GER,Hamburger SV III vs  Altona,Over 1.5,N/A,N/A,1:3,2023-02-10,,Won,rxijbctw323211979,venasbet_o_1_5
GER, Eimsbutteler vs  Suderelbe,Over 1.5,N/A,N/A,3:1,2023-02-10,,Won,vswgxojc95995915,venasbet_o_1_5
AUS,Sturm Graz vs  Rapid Vienna,Over 1.5,N/A,N/A,1:0,2023-02-10,,Lost,qdumynca246629280,venasbet_o_1_5
NED,AZ Alkmaar vs  Excelsior,Over 1.5,N/A,N/A,5:0,2023-02-10,,Won,jdnpxnry37883129,venasbet_o_1_5
