SER,Partizan vs Mladost GAT,1,N/A,18:30,,2023-02-11,,N/A,fjmahaea133061042,venasbet_acca
CYP,Paralimni vs APOEL,2,N/A,14:00,,2023-02-11,,N/A,cwyupplt288743750,venasbet_acca
BUL,Spartak Varna vs Ludogorets,2,N/A,14:00,,2023-02-11,,N/A,rcahjixq154197716,venasbet_acca
EPL,Fulham vs Nottingham,1X,N/A,16:00,,2023-02-11,,N/A,pzouqkkm248350930,venasbet_acca
AUS,Salzburg vs A. Lustenau,1,N/A,17:00,,2023-02-11,,N/A,gstrdlei14835192,venasbet_acca
CWC,Real Madrid vs Al-Hilal,1,N/A,20:00,,2023-02-11,,N/A,aetpnyze90231916,venasbet_acca
GER,Bayern Munich vs Bochum,1,N/A,15:30,,2023-02-11,,N/A,kzllnlzw102910681,venasbet_acca
EPL, Bournemouth vs Newcastle,X2,N/A,18:30,,2023-02-11,,N/A,sxtdiqtl207010150,venasbet_acca
GER, Oberneuland vs Union 60 Bremeng,Over 2.5,N/A,N/A,5:2,2023-02-10,,...,vfjgxbor43380888,venasbet_acca
CYP, AEK Larnaca vs Chloraka,1,N/A,N/A,1:1,2023-02-10,,Lost,gqsfthsa161338093,venasbet_acca
SAU,Al-Ittihad FC vs Al Adalh,1,N/A,N/A,5:0,2023-02-10,,Won,ysdjpnay190277714,venasbet_acca
GER, Eimsbutteler vs Suderelbe,Over 2.5,N/A,N/A,3:1,2023-02-10,,...,ovrfrowv8240830,venasbet_acca
NED,AZ Alkmaar vs Excelsior,1,N/A,N/A,5:0,2023-02-10,,Won,jrftqkfh187105427,venasbet_acca
NIR,Larne vs Glenavon,1,N/A,N/A,3:0,2023-02-10,,Won,islcfzlk20345300,venasbet_acca
ICE,Hafnarfjordur vs Selfoss,1,N/A,N/A,4:2,2023-02-10,,Won,nktealxu1255438,venasbet_acca
FRA,Nice vs AC Ajaccio,1X,N/A,N/A,3:0,2023-02-10,,Won,yggkumhi79321477,venasbet_acca
