GER,Heidenheim vs  Hamburger SV,Over 2.5,N/A,20:30,,2023-02-11,,N/A,dcukzydt79448113,venasbet_o_2_5
ITA,Lazio vs  Atalanta,Over 2.5,N/A,20:45,,2023-02-11,,N/A,mhsfhioh288149574,venasbet_o_2_5
ENG SL,Plymouth Parkway vs  Hartley Wintney,Over 2.5,N/A,16:00,,2023-02-11,,N/A,qyytszmu148624663,venasbet_o_2_5
ENG SL,Weston-super-Mare vs  Hayes & Yeading,Over 2.5,N/A,16:00,,2023-02-11,,N/A,fgvbyopr196160379,venasbet_o_2_5
AUS,Wolfsberger AC vs  Tirol,Over 2.5,N/A,17:00,,2023-02-11,,N/A,msirhfvw190877844,venasbet_o_2_5
FRA,Monaco vs  Paris SG,Over 2.5,N/A,17:00,,2023-02-11,,N/A,kqwzzsfx91061931,venasbet_o_2_5
EPL,Leicester vs  Tottenham,Over 2.5,N/A,16:00,,2023-02-11,,N/A,yotghdtt180097022,venasbet_o_2_5
WAL,Trefelin vs  Barry,Over 2.5,N/A,N/A,1:2,2023-02-10,,Won,crkpzbgq48755234,venasbet_o_2_5
WAL,Ammanford vs  Briton Ferry,Over 2.5,N/A,N/A,1:2,2023-02-10,,Won,xoymwouh269791580,venasbet_o_2_5
NED,Venlo vs  Heracles,Over 2.5,N/A,N/A,3:1,2023-02-10,,Won,ndtsdikk91199345,venasbet_o_2_5
EPL 2,West Ham U21 vs  Fulham U21,Over 2.5,N/A,N/A,1:0,2023-02-10,,Lost,bueghvzm2421526,venasbet_o_2_5
ICE,Stjarnan vs  Afturelding,Over 2.5,N/A,N/A,4:1,2023-02-10,,Won,gygssfvp13448579,venasbet_o_2_5
GER,BFC Dynamo vs  Chemnitzer,Over 2.5,N/A,N/A,0:0,2023-02-10,,Lost,coardgcj70249355,venasbet_o_2_5
GER,Hamburger SV III vs  Altona,Over 2.5,N/A,N/A,1:3,2023-02-10,,Won,blsjghsb21638630,venasbet_o_2_5
GER, Eimsbutteler vs  Suderelbe,Over 2.5,N/A,N/A,3:1,2023-02-10,,Won,poizesqz61914412,venasbet_o_2_5
AUS,Sturm Graz vs  Rapid Vienna,Over 2.5,N/A,N/A,1:0,2023-02-10,,Lost,fbmutymr148433121,venasbet_o_2_5
